Workbook

Sheet Anleitung
B2: Messtabelle: Zeit je Artikel – vorher und nachher
B3: Ziel: belegen, wie viel Zeit B.Y.O.B. je Artikel spart (Kriterium in plan.md § 16.1: mindestens 50 %).
B5: So gehst du vor
B6: 1. Nimm 20 typische Artikel (gemischt: klein/groß, mit/ohne Marke, gut/schlecht erkennbar).
B7: 2. Erfasse 10 davon im ALTEN Ablauf (ohne App/KI) und 10 im NEUEN Ablauf (mit App + KI).
B8: Besser noch: je 20. Nicht dieselben Artikel doppelt – sonst ist der zweite Durchgang schneller, weil man sie schon kennt.
B9: 3. Stoppe die Zeit je Arbeitsschritt (Handy-Stoppuhr genügt) und trage sie in MINUTEN ein, z. B. 2,5 für 2 Min. 30 Sek.
B10: 4. Ein Schritt, der im Ablauf nicht vorkommt, bekommt 0.
B11: 5. Das Blatt „Auswertung“ rechnet alles selbst aus. Dort trägst du nur 2 Werte ein: Artikel pro Monat und Stundensatz.
B13: Was du wo einträgst
B14: Gelbe Zellen = hier eintragen. Graue Zellen = rechnet die Tabelle selbst, bitte nicht überschreiben.
B15: Zeile 5 im Blatt „Messung“ ist ein BEISPIEL (Ablauf = „Beispiel“). Sie zählt nicht mit und darf stehen bleiben.
... B27: Tipp: Miss nicht am ersten Tag mit der App, sondern nach etwas Übung – sonst misst du die Eingewöhnung, nicht den Ablauf.

Sheet Messung
A1: Messung je Artikel
A2: Gelb = eintragen · Grau = rechnet selbst · Ablauf: „Alt“ oder „Neu“ auswählen · Zeiten in Minuten (2,5 = 2 Min. 30 Sek.)
A4: Nr. | B4: Datum | C4: Artikel (kurz) | D4: Kategorie | E4: Ablauf | F4: Fotos (Min.) | G4: Daten erfassen (Min.) | H4: Recherche & Preis (Min.) | I4: Bild bearbeiten (Min.) | J4: Text schreiben (Min.) | K4: Einstellen (Min.) | L4: Lagerplatz (Min.) | M4: Korrektur (nur neu) (Min.) | N4: Gesamt (Min.) | O4: Preisvorschlag der KI | P4: Bemerkung
A5: Bsp. | B5: 29.09.2026 | C5: Spiegelreflexkamera, silber | D5: Foto & Kamera | E5: Beispiel | F5: 2 | G5: 3.5 | H5: 6 | I5: 4 | J5: 5 | K5: 2.5 | L5: 1 | M5: 0 | N5: =IF(COUNT(F5:M5)=0,"",SUM(F5:M5)) -> 24 | O5: nicht genutzt | P5: Beispielzeile – zählt nicht mit
A6: 1 | N6: =IF(COUNT(F6:M6)=0,"",SUM(F6:M6))
A7: 2 | N7: =IF(COUNT(F7:M7)=0,"",SUM(F7:M7))
A8: 3 | N8: =IF(COUNT(F8:M8)=0,"",SUM(F8:M8))
A9: 4 | N9: =IF(COUNT(F9:M9)=0,"",SUM(F9:M9))
A10: 5 | N10: =IF(COUNT(F10:M10)=0,"",SUM(F10:M10))
A11: 6 | N11: =IF(COUNT(F11:M11)=0,"",SUM(F11:M11))
A12: 7 | N12: =IF(COUNT(F12:M12)=0,"",SUM(F12:M12))
A13: 8 | N13: =IF(COUNT(F13:M13)=0,"",SUM(F13:M13))
A14: 9 | N14: =IF(COUNT(F14:M14)=0,"",SUM(F14:M14))
A15: 10 | N15: =IF(COUNT(F15:M15)=0,"",SUM(F15:M15))
A16: 11 | N16: =IF(COUNT(F16:M16)=0,"",SUM(F16:M16))
A17: 12 | N17: =IF(COUNT(F17:M17)=0,"",SUM(F17:M17))
... A45: 40 | N45: =IF(COUNT(F45:M45)=0,"",SUM(F45:M45))

Sheet Auswertung
A1: Auswertung (rechnet automatisch)
A3: Arbeitsschritt | B3: Ø Alt (Min.) | C3: Ø Neu (Min.) | D3: Ersparnis (Min.) | E3: Ersparnis (%)
A4: Fotos | B4: =IFERROR(AVERAGEIFS(Messung!$F$6:$F$45,Messung!$E$6:$E$45,"Alt"),"") | C4: =IFERROR(AVERAGEIFS(Messung!$F$6:$F$45,Messung!$E$6:$E$45,"Neu"),"") | D4: =IF(OR(B4="",C4=""),"",B4-C4) | E4: =IF(OR(B4="",C4="",B4=0),"",(B4-C4)/B4)
A5: Daten erfassen | B5: =IFERROR(AVERAGEIFS(Messung!$G$6:$G$45,Messung!$E$6:$E$45,"Alt"),"") | C5: =IFERROR(AVERAGEIFS(Messung!$G$6:$G$45,Messung!$E$6:$E$45,"Neu"),"") | D5: =IF(OR(B5="",C5=""),"",B5-C5) | E5: =IF(OR(B5="",C5="",B5=0),"",(B5-C5)/B5)
A6: Recherche & Preis | B6: =IFERROR(AVERAGEIFS(Messung!$H$6:$H$45,Messung!$E$6:$E$45,"Alt"),"") | C6: =IFERROR(AVERAGEIFS(Messung!$H$6:$H$45,Messung!$E$6:$E$45,"Neu"),"") | D6: =IF(OR(B6="",C6=""),"",B6-C6) | E6: =IF(OR(B6="",C6="",B6=0),"",(B6-C6)/B6)
A7: Bild bearbeiten | B7: =IFERROR(AVERAGEIFS(Messung!$I$6:$I$45,Messung!$E$6:$E$45,"Alt"),"") | C7: =IFERROR(AVERAGEIFS(Messung!$I$6:$I$45,Messung!$E$6:$E$45,"Neu"),"") | D7: =IF(OR(B7="",C7=""),"",B7-C7) | E7: =IF(OR(B7="",C7="",B7=0),"",(B7-C7)/B7)
A8: Text schreiben | B8: =IFERROR(AVERAGEIFS(Messung!$J$6:$J$45,Messung!$E$6:$E$45,"Alt"),"") | C8: =IFERROR(AVERAGEIFS(Messung!$J$6:$J$45,Messung!$E$6:$E$45,"Neu"),"") | D8: =IF(OR(B8="",C8=""),"",B8-C8) | E8: =IF(OR(B8="",C8="",B8=0),"",(B8-C8)/B8)
A9: Einstellen | B9: =IFERROR(AVERAGEIFS(Messung!$K$6:$K$45,Messung!$E$6:$E$45,"Alt"),"") | C9: =IFERROR(AVERAGEIFS(Messung!$K$6:$K$45,Messung!$E$6:$E$45,"Neu"),"") | D9: =IF(OR(B9="",C9=""),"",B9-C9) | E9: =IF(OR(B9="",C9="",B9=0),"",(B9-C9)/B9)
A10: Lagerplatz | B10: =IFERROR(AVERAGEIFS(Messung!$L$6:$L$45,Messung!$E$6:$E$45,"Alt"),"") | C10: =IFERROR(AVERAGEIFS(Messung!$L$6:$L$45,Messung!$E$6:$E$45,"Neu"),"") | D10: =IF(OR(B10="",C10=""),"",B10-C10) | E10: =IF(OR(B10="",C10="",B10=0),"",(B10-C10)/B10)
A11: Korrektur (nur neu) | B11: =IFERROR(AVERAGEIFS(Messung!$M$6:$M$45,Messung!$E$6:$E$45,"Alt"),"") | C11: =IFERROR(AVERAGEIFS(Messung!$M$6:$M$45,Messung!$E$6:$E$45,"Neu"),"") | D11: =IF(OR(B11="",C11=""),"",B11-C11) | E11: =IF(OR(B11="",C11="",B11=0),"",(B11-C11)/B11)
A12: Gesamt je Artikel | B12: =IFERROR(AVERAGEIFS(Messung!$N$6:$N$45,Messung!$E$6:$E$45,"Alt"),"") | C12: =IFERROR(AVERAGEIFS(Messung!$N$6:$N$45,Messung!$E$6:$E$45,"Neu"),"") | D12: =IF(OR(B12="",C12=""),"",B12-C12) | E12: =IF(OR(B12="",C12="",B12=0),"",(B12-C12)/B12)
A14: Anzahl Messungen Alt | B14: =COUNTIFS(Messung!$E$6:$E$45,"Alt",Messung!$N$6:$N$45,">0") -> 0
A15: Anzahl Messungen Neu | B15: =COUNTIFS(Messung!$E$6:$E$45,"Neu",Messung!$N$6:$N$45,">0") -> 0
A17: Ziel erreicht? (mind. 50 % Ersparnis) | B17: =IF(E12="","noch keine Daten",IF(E12>=0.5,"JA – erreicht","NEIN – noch nicht")) -> noch keine Daten
A19: Hochrechnung pro Monat
A20: Artikel pro Monat (eintragen) | B20: 200
A21: Stundensatz in € (eintragen) | B21: 25
A22: Gesparte Stunden pro Monat | B22: =IF(D12="","",D12*B20/60)
A23: Gesparte Kosten pro Monat | B23: =IF(D12="","",D12*B20/60*B21)
A24: Zum Vergleich: Paket „Lager + App“ | B24: 129
A25: Rechnet sich? (Ersparnis > Paketpreis) | B25: =IF(B23="","noch keine Daten",IF(B23>B24,"JA","NEIN")) -> noch keine Daten
A27: Hinweis: Schätzwerte (Artikel pro Monat, Stundensatz) sind Annahmen – bitte durch eigene Werte ersetzen.
